id,label,path,module,access,document,map,component,source_sha256,api_calls
1,Login,/login,accesso,public,03_PAGINE/01-login.md,03_PAGINE/MAPPE_JSON/login.json,frontend/src/pages/Login.jsx,ca3d6e79eb23b69ffa2dc812f7caed1d60fa99a1667151c16391634acaf9e840,18
2,Gestione riservata,/gestione-riservata,accesso,reserved,03_PAGINE/02-gestione-riservata.md,03_PAGINE/MAPPE_JSON/gestione-riservata.json,frontend/src/pages/GestioneRiservata.jsx,651ce3c0ea77154e839fa6eb990a803805a8d54767ecbb149b281ca104d54138,5
3,Dashboard,/,dashboard,authenticated,03_PAGINE/03-dashboard.md,03_PAGINE/MAPPE_JSON/dashboard.json,frontend/src/pages/Dashboard.jsx,f888c817137e0377f6c80046aae713d7b674d205a643098f62e00e0ee0035000,15
4,Inserimento rapido,/rapido,dashboard,authenticated,03_PAGINE/04-inserimento-rapido.md,03_PAGINE/MAPPE_JSON/inserimento-rapido.json,frontend/src/pages/InserimentoRapido.jsx,89a5966ff8ee48d4e1fe0af45458eec63bd07fb43123f509cb9043595538e27d,7
5,Archivio fatture,/fatture,fatture,authenticated,03_PAGINE/05-fatture.md,03_PAGINE/MAPPE_JSON/fatture.json,frontend/src/pages/ArchivioFattureRicevute.jsx,49acf4d68865bdba90c7999f0dca513131e36c7368c528125a7495ce703c5a50,17
6,Corrispettivi,/fatture/corrispettivi,fatture,authenticated,03_PAGINE/06-corrispettivi.md,03_PAGINE/MAPPE_JSON/corrispettivi.json,frontend/src/pages/Corrispettivi.jsx,42006f5d35b28a596c2e3c4e724f96e29069ec551a3b617fd186a436fc839d0b,27
7,Fornitori,/fornitori,fornitori,authenticated,03_PAGINE/07-fornitori.md,03_PAGINE/MAPPE_JSON/fornitori.json,frontend/src/pages/Fornitori.jsx,39f0407aad52c1ab38de9925cc8d04eb98d5f503a97dd915d201c0569ec0eb50,12
8,Prima Nota,/prima-nota,prima-nota,authenticated,03_PAGINE/08-prima-nota.md,03_PAGINE/MAPPE_JSON/prima-nota.json,frontend/src/pages/PrimaNota.jsx,843b9b744555f44791bbc0345006b61d9df0e23a5df9a179558d2b3bb3a5e67f,13
9,Pulizia Prima Nota,/prima-nota/pulizia,prima-nota,authenticated,03_PAGINE/09-prima-nota-pulizia.md,03_PAGINE/MAPPE_JSON/prima-nota-pulizia.json,frontend/src/pages/PuliziaPrimaNota.jsx,931a8c7dde0e064f52c47685e93f956ed4eb96a11496d3a8a5320b6e56d11428,9
10,Cedolini e salari,/salari,personale,authenticated,03_PAGINE/10-salari.md,03_PAGINE/MAPPE_JSON/salari.json,frontend/src/pages/CedoliniSalari.jsx,6b78c9b4abf473146fb339b73f628d3701850563fb0930e2d54120b84623abb4,3
11,Flotta noleggio,/noleggio,noleggio,authenticated,03_PAGINE/11-noleggio-flotta.md,03_PAGINE/MAPPE_JSON/noleggio-flotta.json,frontend/src/pages/NoleggioAuto.jsx,e195adc1f54357b4b8fbdc4f96f0a09d7bd7e0baa5a320a7a6b854bfa47686f2,11
12,Verbali noleggio,/noleggio/verbali,noleggio,authenticated,03_PAGINE/12-noleggio-verbali.md,03_PAGINE/MAPPE_JSON/noleggio-verbali.json,frontend/src/pages/VerbaliRiconciliazione.jsx,111954e69ad2216a9399131a9e46adc75d4cd3795f38c35c950813d689ede030,17
13,Costi noleggio,/noleggio/costi,noleggio,authenticated,03_PAGINE/13-noleggio-costi.md,03_PAGINE/MAPPE_JSON/noleggio-costi.json,frontend/src/pages/hub/VeicoliHub.jsx,6f901118f41690c36e30496609552a4d4b9ae339d7074edace11ce06b05f4361,0
14,Dettaglio verbale,/verbali-noleggio/:identificativo,noleggio,authenticated,03_PAGINE/14-dettaglio-verbale.md,03_PAGINE/MAPPE_JSON/dettaglio-verbale.json,frontend/src/pages/DettaglioVerbale.jsx,f9574e53d4a5c1c686085b6b02055c529b6f4e557796c871a160bd510ac5a06e,7
15,Piano dei Conti,/contabilita,contabilita,authenticated,03_PAGINE/15-contabilita-piano-conti.md,03_PAGINE/MAPPE_JSON/contabilita-piano-conti.json,frontend/src/pages/PianoDeiConti.jsx,e4bc87a3978622b42b4d63f052e51711364b62d21b6c450cac3b6073e2cd9146,7
16,Bilancio,/contabilita/bilancio,contabilita,authenticated,03_PAGINE/16-contabilita-bilancio.md,03_PAGINE/MAPPE_JSON/contabilita-bilancio.json,frontend/src/pages/Bilancio.jsx,cecfdd749d432688e1d660fd9efe80f06d77b029f295940cff595f57e556d61a,7
17,Verifica Bilancio,/contabilita/verifica,contabilita,authenticated,03_PAGINE/17-contabilita-verifica.md,03_PAGINE/MAPPE_JSON/contabilita-verifica.json,frontend/src/pages/BilancioVerifica.jsx,5c61a9049c43867b403291200e7328fbd04fc039224ca1469d6f3394d3ad1b0b,1
18,Libro Giornale,/contabilita/giornale,contabilita,authenticated,03_PAGINE/18-contabilita-giornale.md,03_PAGINE/MAPPE_JSON/contabilita-giornale.json,frontend/src/pages/LibroGiornale.jsx,80f55fb15359a4f3952860cb3077d20033c524b570986a8a316550857fdedca5,3
19,Controllo mensile,/contabilita/controllo,contabilita,authenticated,03_PAGINE/19-contabilita-controllo.md,03_PAGINE/MAPPE_JSON/contabilita-controllo.json,frontend/src/pages/ControlloMensile.jsx,32473c3ed97a777652bd072da44400f9fc90136ccac01eb4476abdc146ef2d70,5
20,Calendario fiscale,/contabilita/calendario,contabilita,authenticated,03_PAGINE/20-contabilita-calendario.md,03_PAGINE/MAPPE_JSON/contabilita-calendario.json,frontend/src/pages/CalendarioFiscale.jsx,3ea47c886d9195f4b49a9e71e5e3eb262526d2f66b4a5f2c42a0b034ae3d82a6,5
21,Cespiti,/contabilita/cespiti,contabilita,authenticated,03_PAGINE/21-contabilita-cespiti.md,03_PAGINE/MAPPE_JSON/contabilita-cespiti.json,frontend/src/pages/GestioneCespiti.jsx,f217ed4c58ed7ab2c447b79f284fce3773633a9069510b6ee27db34615e583ca,8
22,Finanziaria,/contabilita/finanziaria,contabilita,authenticated,03_PAGINE/22-contabilita-finanziaria.md,03_PAGINE/MAPPE_JSON/contabilita-finanziaria.json,frontend/src/pages/Finanziaria.jsx,5e4f2e20c69f5ffe503877377236b6e7b9e4c3af97312b59232add847106296b,1
23,Chiusura esercizio,/contabilita/chiusura,contabilita,authenticated,03_PAGINE/23-contabilita-chiusura.md,03_PAGINE/MAPPE_JSON/contabilita-chiusura.json,frontend/src/pages/ChiusuraEsercizio.jsx,a15a3f82d6c450f15f90e9c01887840fee80d30c89e415baabf7f275e3ef7f14,6
24,Budget,/contabilita/budget,contabilita,authenticated,03_PAGINE/24-contabilita-budget.md,03_PAGINE/MAPPE_JSON/contabilita-budget.json,frontend/src/pages/BudgetPrevisionale.jsx,1903e28d08fc29486cf3764ca47d1c4041616ff5c75acbb60bd44b2fd37a0e54,5
25,Mutui,/contabilita/mutui,contabilita,authenticated,03_PAGINE/25-contabilita-mutui.md,03_PAGINE/MAPPE_JSON/contabilita-mutui.json,frontend/src/pages/Mutui.jsx,462fce8cf8e7f546b23ee7cfaf9a91b2d4dc67aa7b6c4e34c527fe81f1a9e8cc,3
26,Contabilita avanzata,/contabilita/avanzata,contabilita,authenticated,03_PAGINE/26-contabilita-avanzata.md,03_PAGINE/MAPPE_JSON/contabilita-avanzata.json,frontend/src/pages/ContabilitaAvanzata.jsx,03ee44d3deea2f590abc9944544495041e40ace07bd313550cb20c066687962b,4
27,Utile obiettivo,/contabilita/utile,contabilita,authenticated,03_PAGINE/27-contabilita-utile.md,03_PAGINE/MAPPE_JSON/contabilita-utile.json,frontend/src/pages/UtileObiettivo.jsx,853e54d49160af4e7fd490adfe88e569b39751cafa7fc3bb5afcfc8d8a703a4f,2
28,Previsioni acquisti,/contabilita/previsioni-acquisti,contabilita,authenticated,03_PAGINE/28-contabilita-previsioni-acquisti.md,03_PAGINE/MAPPE_JSON/contabilita-previsioni-acquisti.json,frontend/src/pages/PrevisioniAcquisti.jsx,037342877b4f34bd0691e3e21107dc38472e82f4b9a5fc66c3261d14b1ca0181,3
29,Learning Machine,/learning-machine,strumenti,authenticated,03_PAGINE/29-learning-machine.md,03_PAGINE/MAPPE_JSON/learning-machine.json,frontend/src/pages/LearningMachine.jsx,db885a0507b8cfff147ea3b5879c3707d3aba3476a40ba89356b2da8bc833bcb,25
30,Scadenze,/scadenze,contabilita,authenticated,03_PAGINE/30-scadenze.md,03_PAGINE/MAPPE_JSON/scadenze.json,frontend/src/pages/Scadenze.jsx,6b4cb1fa68b4a82f7911486336b93b8b0a37399f9fb6faa49dd71654bddc5f41,8
31,Ritenute,/ritenute,personale,authenticated,03_PAGINE/31-ritenute.md,03_PAGINE/MAPPE_JSON/ritenute.json,frontend/src/pages/Ritenute.jsx,c44c0c6f8c55505c085cb1efb826f85ef6ae6ae9b6c20261f9c8bd0c929e1990,1
32,Riconciliazione dashboard,/riconciliazione,riconciliazione,authenticated,03_PAGINE/32-riconciliazione-bancaria.md,03_PAGINE/MAPPE_JSON/riconciliazione-bancaria.json,frontend/src/pages/RiconciliazioneUnificata.jsx,7339c954b50ba4cda27d470ee2a1801d7a99418d9ca4b30bec18f11f5e08ab36,16
33,Riconciliazione banca,/riconciliazione/banca,riconciliazione,authenticated,03_PAGINE/33-riconciliazione-banca.md,03_PAGINE/MAPPE_JSON/riconciliazione-banca.json,frontend/src/pages/RiconciliazioneUnificata.jsx,7339c954b50ba4cda27d470ee2a1801d7a99418d9ca4b30bec18f11f5e08ab36,16
34,Riconciliazione F24,/riconciliazione/f24,riconciliazione,authenticated,03_PAGINE/34-riconciliazione-f24.md,03_PAGINE/MAPPE_JSON/riconciliazione-f24.json,frontend/src/pages/RiconciliazioneUnificata.jsx,7339c954b50ba4cda27d470ee2a1801d7a99418d9ca4b30bec18f11f5e08ab36,16
35,Riconciliazione stipendi,/riconciliazione/stipendi,riconciliazione,authenticated,03_PAGINE/35-riconciliazione-stipendi.md,03_PAGINE/MAPPE_JSON/riconciliazione-stipendi.json,frontend/src/pages/RiconciliazioneUnificata.jsx,7339c954b50ba4cda27d470ee2a1801d7a99418d9ca4b30bec18f11f5e08ab36,16
36,Riconciliazione documenti,/riconciliazione/documenti,riconciliazione,authenticated,03_PAGINE/36-riconciliazione-documenti.md,03_PAGINE/MAPPE_JSON/riconciliazione-documenti.json,frontend/src/pages/RiconciliazioneUnificata.jsx,7339c954b50ba4cda27d470ee2a1801d7a99418d9ca4b30bec18f11f5e08ab36,16
37,Archivio bonifici,/riconciliazione/archivio-bonifici,riconciliazione,authenticated,03_PAGINE/37-archivio-bonifici.md,03_PAGINE/MAPPE_JSON/archivio-bonifici.json,frontend/src/pages/ArchivioBonifici.jsx,3ea3516c58ac2edbc0de98161939c77b2c72f235be9b042b529162343a833c17,32
38,Assegni,/riconciliazione/assegni,riconciliazione,authenticated,03_PAGINE/38-assegni.md,03_PAGINE/MAPPE_JSON/assegni.json,frontend/src/pages/GestioneAssegni.jsx,8fe72f67638aa7d2427b6ccec04e98ca8ce058d8c09826c2217324c1283f302f,25
39,PayPal,/riconciliazione/paypal,riconciliazione,authenticated,03_PAGINE/39-riconciliazione-paypal.md,03_PAGINE/MAPPE_JSON/riconciliazione-paypal.json,frontend/src/pages/RiconciliazionePaypal.jsx,55856dbe9a99c89436089bac1dfdc8a25abced7711bea597fcb8dc7b5d74c8ee,10
40,Coerenza POS,/riconciliazione/coerenza-pos,riconciliazione,authenticated,03_PAGINE/40-coerenza-pos.md,03_PAGINE/MAPPE_JSON/coerenza-pos.json,frontend/src/pages/CoerenzaPOSCorrispettivi.jsx,40de181ce5a226757dbb02b7b1710a4383b0aa4a14df1e52bd61b6818ec511c0,9
41,Import documenti,/documenti/import,documenti,authenticated,03_PAGINE/41-documenti-import.md,03_PAGINE/MAPPE_JSON/documenti-import.json,frontend/src/pages/ImportDocumenti.jsx,762f644a059f624fba3eabc099d58de23245374f7d1baa1035377f134a71432e,3
42,Archivio documenti,/documenti/archivio,documenti,authenticated,03_PAGINE/42-documenti-archivio.md,03_PAGINE/MAPPE_JSON/documenti-archivio.json,frontend/src/pages/Documenti.jsx,5934ccf5e7bbb212a28705f942a139fc90d08cb6679467ad46de6d56866438ca,3
43,Verifica coerenza,/strumenti,strumenti,authenticated,03_PAGINE/43-strumenti-verifica.md,03_PAGINE/MAPPE_JSON/strumenti-verifica.json,frontend/src/pages/VerificaCoerenza.jsx,db4cc20bde02149754e2d2315937b63ed2110ed28e63a257cba487a53bdec7fb,1
44,Movimenti banca,/riconciliazione/movimenti-banca,riconciliazione,authenticated,03_PAGINE/44-strumenti-movimenti-banca.md,03_PAGINE/MAPPE_JSON/strumenti-movimenti-banca.json,frontend/src/pages/VerificaMovimentiBanca.jsx,4dbc70a6f63701e8af660bbba2e2158dde692f7eaf7f5250c8cddc6aaa753cad,5
45,Commercialista,/strumenti/commercialista,strumenti,authenticated,03_PAGINE/45-strumenti-commercialista.md,03_PAGINE/MAPPE_JSON/strumenti-commercialista.json,frontend/src/pages/Commercialista.jsx,4fe1f2daa2d4e81708668e4ba2dfb67eb1dd0b9c919da3b861651576f0072119,9
46,Pianificazione,/strumenti/pianificazione,strumenti,authenticated,03_PAGINE/46-strumenti-pianificazione.md,03_PAGINE/MAPPE_JSON/strumenti-pianificazione.json,frontend/src/pages/Pianificazione.jsx,17c55bfc8d71597e3ea64d8472a83de385890ce6758d06b7e69e4542b3d4edfc,2
47,Visure,/strumenti/visure,strumenti,authenticated,03_PAGINE/47-strumenti-visure.md,03_PAGINE/MAPPE_JSON/strumenti-visure.json,frontend/src/pages/Visure.jsx,1168a7d17d1c8bb289270ad104077773848dd1dd0b5a4872f73d90245f63b706,3
48,Agenti AI,/agenti,strumenti,authenticated,03_PAGINE/48-agenti.md,03_PAGINE/MAPPE_JSON/agenti.json,frontend/src/pages/Agenti.jsx,79a12e03dce3b0496ba6a54c7e031db5fe6873ce01f865fbbadc97360a0ac275,10
49,Impostazioni F24 email,/impostazioni-f24-email,integrazioni,authenticated,03_PAGINE/49-impostazioni-f24-email.md,03_PAGINE/MAPPE_JSON/impostazioni-f24-email.json,frontend/src/pages/ImpostazioniF24Email.jsx,28d8c26489556ea1d965cc0d867456664d36aaa4fe94939613c0c95244fef065,10
50,Impostazioni AI,/impostazioni-ai,integrazioni,admin,03_PAGINE/50-impostazioni-ai.md,03_PAGINE/MAPPE_JSON/impostazioni-ai.json,frontend/src/pages/ImpostazioniAI.jsx,60d0eb0ed3853b058158103a8e6043314dc1ed7740100ff7b675196538f536ca,2
51,Integrazione OpenAPI,/integrazioni,integrazioni,authenticated,03_PAGINE/51-integrazioni-openapi.md,03_PAGINE/MAPPE_JSON/integrazioni-openapi.json,frontend/src/pages/IntegrazioniOpenAPI.jsx,d4d7450bfc9ef83d4c557e9254854ac9e4e2c9710cbc75382962f970c735a9b1,4
52,Riconciliazione PagoPA,/riconciliazione/pagopa,riconciliazione,authenticated,03_PAGINE/52-integrazioni-pagopa.md,03_PAGINE/MAPPE_JSON/integrazioni-pagopa.json,frontend/src/pages/GestionePagoPA.jsx,7e574f2bd39aa82c6f570faf4ece270837553339fc510d9bd49c755c9afc30cc,5
53,Mittenti Email attendibili,/integrazioni/mittenti-email,integrazioni,authenticated,03_PAGINE/53-integrazioni-mittenti-email.md,03_PAGINE/MAPPE_JSON/integrazioni-mittenti-email.json,frontend/src/pages/MittentiEmail.jsx,c1c3257ff84b5be37c37a60e7dcf1da058f4c5d2f0f2c5a009b3d898f5ff64a5,4
54,Admin sistema,/admin,admin,admin,03_PAGINE/54-admin.md,03_PAGINE/MAPPE_JSON/admin.json,frontend/src/pages/Admin.jsx,0559541ed1a7522e9002a6fe0e4c2e1f9d31338a2727f5c28c7dc4031979a166,36
55,Admin MFA,/admin/mfa,admin,admin,03_PAGINE/55-admin-mfa.md,03_PAGINE/MAPPE_JSON/admin-mfa.json,frontend/src/pages/MFAAdmin.jsx,99a8402c2fdf48d9a1ed4d38cb9e2ca01ca524ae21a7eb5af93856cf9aea9012,5
56,Elaborazioni amministrative,/admin/elaborazioni,admin,admin,03_PAGINE/56-admin-batch-reprocessing.md,03_PAGINE/MAPPE_JSON/admin-batch-reprocessing.json,frontend/src/pages/hub/AdminElaborazioni.jsx,b0bada972ac11ff35e05542839f2f6270a78f517bb6260f26be14073fb6fd90b,3
57,Elaborazioni legacy,/admin/batch-processor,admin,admin,03_PAGINE/57-admin-batch-processor.md,03_PAGINE/MAPPE_JSON/admin-batch-processor.json,frontend/src/pages/hub/AdminElaborazioni.jsx,b0bada972ac11ff35e05542839f2f6270a78f517bb6260f26be14073fb6fd90b,0
58,Utenti,/utenti,admin,admin,03_PAGINE/58-utenti.md,03_PAGINE/MAPPE_JSON/utenti.json,frontend/src/pages/Utenti.jsx,230c7259c97e1c970922803cdfa914a58d1d304ec58ef719f76d381effc22061,4
59,Mappa gestionale,/mappa-gestionale,strumenti,authenticated,03_PAGINE/59-mappa-gestionale.md,03_PAGINE/MAPPE_JSON/mappa-gestionale.json,frontend/src/pages/MappaGestionale.jsx,02ecadfaad3c6f98b9731092b043e712940bd02072c5e1c2aa488f0ae9fa1716,0
60,Gestione IVA,/iva,contabilita,authenticated,03_PAGINE/60-iva.md,03_PAGINE/MAPPE_JSON/iva.json,frontend/src/pages/GestioneIVA.jsx,f2296dc45f6e27a4283198faaf3ab71979e8ac5a25ce3c1b7766a81cdd9c7870,11
61,Verifica fatture estere,/fatture-estere-verifica,fatture,authenticated,03_PAGINE/61-fatture-estere-verifica.md,03_PAGINE/MAPPE_JSON/fatture-estere-verifica.json,frontend/src/pages/FattureEstereVerifica.jsx,e005b8046ecb5a9101b59ac344e02627baf28980089b96aa6784c127d61c8d07,3
62,Dati ISA,/contabilita/dati-isa,contabilita,authenticated,03_PAGINE/62-contabilita-dati-isa.md,03_PAGINE/MAPPE_JSON/contabilita-dati-isa.json,frontend/src/pages/DatiIsa.jsx,5a29d5397d84624a8ff361dbdcf3f802c1d5c86800cdb8939c6ec72a7ca7cb93,2
63,Indice documentale,/documenti/indice,documenti,authenticated,03_PAGINE/63-documenti-indice.md,03_PAGINE/MAPPE_JSON/documenti-indice.json,frontend/src/pages/DocumentIndex.jsx,fdfd086457c78a05995f92ebcf4fe7ed05d1f95bfc44e2aff079263ab5f6ab6a,4
64,Atti amministrativi,/documenti/atti,documenti,authenticated,03_PAGINE/64-documenti-atti.md,03_PAGINE/MAPPE_JSON/documenti-atti.json,frontend/src/pages/AttiAmministrativi.jsx,60582a053732504df225f244ae7d688722f8ed63cf89b78c562c98f754a59458,3
65,Situazione fiscale,/situazione-fiscale,contabilita,authenticated,03_PAGINE/65-situazione-fiscale.md,03_PAGINE/MAPPE_JSON/situazione-fiscale.json,frontend/src/pages/SituazioneFiscale.jsx,f6c76c79acc492e00a6c24035f2e239bbbe2e3d723e3f02883f9f41a039844e0,5
